id;username;full_name;sortable_name;avatar_image_url;phone;locale;gender;user_type;user_status
1;defenseless;whose;nor barring whether;sympathetic;892-505-9868;apropos usefully;evaluation impel;TEACHER;ACTIVE
2;and boss;ferociously;which dare;thoughtfully;222-214-7678 x93122;ignorant before if;grand courage;TEACHER;PENDING
3;quiver;puny;boyfriend lumbering;coalition;744-970-5719 x511;arrogantly even;incidentally;TEACHER;PENDING
4;inside;seriously;gregarious faithful pfft;overdraw fiercely;777.590.7235 x193;modulo;favorable pin;STUDENT;ACTIVE
5;whether;accomplishment invalidate;apostrophise;yuck quaff;929.393.9639 x567;near ouch bah;phooey um lest;STUDENT;BLOCKED
6;alongside;but;weatherize;far-flung scaly;1-591-541-2874 x98768;monthly what prow;grateful peep;STUDENT;ACTIVE
7;serious;mmm;rewarding;gleefully politely bargain;(477) 683-6853 x769;yowza;guide friendly before;STUDENT;PENDING
8;once;over;honestly;qua;688.322.2378 x3744;loudly gloomy vaguely;pleasant;TEACHER;BLOCKED
9;bah brainwash;failing rate;optimistically besides mortally;sustain bravely;1-698-716-6455 x4372;monitoring;figure;STUDENT;ACTIVE
10;frightened supposing;knottily venerated organise;willfully;behoove furthermore;372.211.3096 x4929;gleaming mix;fervently good-natured through;STUDENT;PENDING
